<?xml version="1.0" encoding="UTF-8"?>

<channel name="thunar" version="1.0">
  <property name="misc-volume-management" type="empty"/>
  <property name="shortcuts-icon-size" type="empty"/>
  <property name="last-view" type="string" value="ThunarIconView"/>
  <property name="last-icon-view-zoom-level" type="string" value="THUNAR_ZOOM_LEVEL_LARGE"/>
  <property name="last-window-maximized" type="bool" value="false"/>
  <property name="last-show-hidden" type="bool" value="false"/>
  <property name="last-window-width" type="int" value="1106"/>
  <property name="last-window-height" type="int" value="716"/>
  <property name="last-separator-position" type="int" value="188"/>
  <property name="misc-single-click" type="bool" value="false"/>
  <property name="last-details-view-zoom-level" type="string" value="THUNAR_ZOOM_LEVEL_SMALLER"/>
  <property name="last-details-view-column-widths" type="string" value="50,413,50,50,267,50,50,83,153"/>
  <property name="last-sort-column" type="string" value="THUNAR_COLUMN_DATE_MODIFIED"/>
  <property name="last-sort-order" type="string" value="GTK_SORT_DESCENDING"/>
  <property name="last-side-pane" type="string" value="ThunarShortcutsPane"/>
  <property name="last-location-bar" type="string" value="ThunarLocationEntry"/>
  <property name="last-compact-view-zoom-level" type="string" value="THUNAR_ZOOM_LEVEL_SMALL"/>
</channel>
