<?xml version="1.0" encoding="UTF-8"?>

<channel name="thunar" version="1.0">
  <property name="misc-volume-management" type="empty"/>
  <property name="shortcuts-icon-size" type="empty"/>
  <property name="last-view" type="string" value="ThunarDetailsView"/>
  <property name="last-icon-view-zoom-level" type="string" value="THUNAR_ZOOM_LEVEL_LARGE"/>
  <property name="last-window-maximized" type="bool" value="true"/>
  <property name="last-show-hidden" type="bool" value="true"/>
  <property name="last-window-width" type="int" value="634"/>
  <property name="last-window-height" type="int" value="695"/>
  <property name="last-separator-position" type="int" value="188"/>
  <property name="misc-single-click" type="bool" value="false"/>
  <property name="last-details-view-zoom-level" type="string" value="THUNAR_ZOOM_LEVEL_SMALLER"/>
  <property name="last-details-view-column-widths" type="string" value="50,197,50,50,295,50,50,87,230"/>
  <property name="last-sort-column" type="string" value="THUNAR_COLUMN_NAME"/>
  <property name="last-sort-order" type="string" value="GTK_SORT_ASCENDING"/>
  <property name="last-side-pane" type="string" value="ThunarShortcutsPane"/>
  <property name="last-location-bar" type="string" value="ThunarLocationEntry"/>
  <property name="last-compact-view-zoom-level" type="string" value="THUNAR_ZOOM_LEVEL_SMALL"/>
</channel>
