<?xml version="1.0" encoding="UTF-8"?>

<channel name="xfce4-power-manager" version="1.0">
  <property name="xfce4-power-manager" type="empty">
    <property name="power-button-action" type="empty"/>
    <property name="lock-screen-suspend-hibernate" type="empty"/>
    <property name="logind-handle-lid-switch" type="bool" value="false"/>
    <property name="blank-on-ac" type="empty"/>
    <property name="blank-on-battery" type="empty"/>
    <property name="dpms-enabled" type="empty"/>
    <property name="dpms-on-ac-sleep" type="empty"/>
    <property name="dpms-on-ac-off" type="empty"/>
    <property name="dpms-on-battery-sleep" type="empty"/>
    <property name="dpms-on-battery-off" type="empty"/>
    <property name="brightness-switch-restore-on-exit" type="int" value="0"/>
    <property name="brightness-switch" type="int" value="0"/>
    <property name="sleep-button-action" type="uint" value="3"/>
    <property name="hibernate-button-action" type="uint" value="3"/>
    <property name="lid-action-on-battery" type="uint" value="3"/>
    <property name="lid-action-on-ac" type="uint" value="3"/>
    <property name="show-tray-icon" type="int" value="0"/>
    <property name="inactivity-on-battery" type="uint" value="38"/>
    <property name="critical-power-action" type="uint" value="1"/>
    <property name="critical-power-level" type="uint" value="5"/>
  </property>
</channel>
