<?xml version="1.0" encoding="UTF-8"?>

<channel name="xfce4-desktop" version="1.0">
  <property name="desktop-icons" type="empty">
    <property name="style" type="int" value="2"/>
    <property name="file-icons" type="empty">
      <property name="show-home" type="empty"/>
      <property name="show-filesystem" type="bool" value="false"/>
      <property name="show-removable" type="empty"/>
      <property name="show-trash" type="bool" value="true"/>
      <property name="show-unknown-removable" type="bool" value="true"/>
      <property name="show-device-removable" type="bool" value="false"/>
    </property>
    <property name="icon-size" type="uint" value="52"/>
    <property name="tooltip-size" type="empty"/>
    <property name="show-thumbnails" type="bool" value="true"/>
    <property name="show-tooltips" type="bool" value="true"/>
    <property name="use-custom-font-size" type="bool" value="false"/>
    <property name="center-text" type="bool" value="false"/>
  </property>
  <property name="backdrop" type="empty">
    <property name="screen0" type="empty">
      <property name="monitor0" type="empty">
        <property name="image-path" type="string" value="/home/manu/Dropbox/Otros/fondos/wall1600x1200.png"/>
        <property name="image-style" type="empty"/>
        <property name="image-show" type="empty"/>
        <property name="workspace0" type="empty">
          <property name="color-style" type="int" value="0"/>
          <property name="image-style" type="int" value="5"/>
          <property name="last-image" type="string" value="/home/manu/Dropbox/Otros/fondos/wall1600x1200.png"/>
        </property>
        <property name="workspace1" type="empty">
          <property name="color-style" type="int" value="0"/>
          <property name="image-style" type="int" value="5"/>
          <property name="last-image" type="string" value="/home/manu/.himawari-latest.png"/>
        </property>
        <property name="workspace2" type="empty">
          <property name="color-style" type="int" value="0"/>
          <property name="image-style" type="int" value="5"/>
          <property name="last-image" type="string" value="/home/manu/.himawari-latest.png"/>
        </property>
        <property name="workspace3" type="empty">
          <property name="color-style" type="int" value="0"/>
          <property name="image-style" type="int" value="5"/>
          <property name="last-image" type="string" value="/home/manu/.himawari-latest.png"/>
        </property>
        <property name="brightness" type="int" value="63"/>
        <property name="saturation" type="double" value="0.000000"/>
      </property>
      <property name="monitor1" type="empty">
        <property name="image-path" type="empty"/>
        <property name="image-style" type="empty"/>
        <property name="image-show" type="empty"/>
        <property name="workspace0" type="empty">
          <property name="color-style" type="int" value="0"/>
          <property name="image-style" type="int" value="5"/>
          <property name="last-image" type="string" value="/usr/share/xfce4/backdrops/xubuntu-wallpaper.png"/>
        </property>
        <property name="workspace1" type="empty">
          <property name="color-style" type="int" value="0"/>
          <property name="image-style" type="int" value="5"/>
          <property name="last-image" type="string" value="/usr/share/xfce4/backdrops/xubuntu-wallpaper.png"/>
        </property>
        <property name="workspace2" type="empty">
          <property name="color-style" type="int" value="0"/>
          <property name="image-style" type="int" value="5"/>
          <property name="last-image" type="string" value="/usr/share/xfce4/backdrops/xubuntu-wallpaper.png"/>
        </property>
        <property name="workspace3" type="empty">
          <property name="color-style" type="int" value="0"/>
          <property name="image-style" type="int" value="5"/>
          <property name="last-image" type="string" value="/usr/share/xfce4/backdrops/xubuntu-wallpaper.png"/>
        </property>
      </property>
      <property name="monitoreDP1" type="empty">
        <property name="workspace0" type="empty">
          <property name="color-style" type="int" value="0"/>
          <property name="image-style" type="int" value="5"/>
          <property name="last-image" type="string" value="/home/manu/Escritorio/Dropbox/Otros/linux/rice/sky.jpg"/>
          <property name="backdrop-cycle-enable" type="bool" value="false"/>
          <property name="backdrop-cycle-period" type="int" value="1"/>
          <property name="backdrop-cycle-timer" type="uint" value="20"/>
        </property>
        <property name="workspace1" type="empty">
          <property name="color-style" type="int" value="0"/>
          <property name="image-style" type="int" value="5"/>
          <property name="last-image" type="string" value="/usr/share/xfce4/backdrops/xubuntu-wallpaper.png"/>
        </property>
        <property name="workspace2" type="empty">
          <property name="color-style" type="int" value="0"/>
          <property name="image-style" type="int" value="5"/>
          <property name="last-image" type="string" value="/usr/share/xfce4/backdrops/xubuntu-wallpaper.png"/>
        </property>
        <property name="workspace3" type="empty">
          <property name="color-style" type="int" value="0"/>
          <property name="image-style" type="int" value="5"/>
          <property name="last-image" type="string" value="/usr/share/xfce4/backdrops/xubuntu-wallpaper.png"/>
        </property>
        <property name="workspace4" type="empty">
          <property name="color-style" type="int" value="0"/>
          <property name="image-style" type="int" value="5"/>
          <property name="last-image" type="string" value="/usr/share/xfce4/backdrops/xubuntu-wallpaper.png"/>
        </property>
        <property name="workspace5" type="empty">
          <property name="color-style" type="int" value="0"/>
          <property name="image-style" type="int" value="5"/>
          <property name="last-image" type="string" value="/usr/share/xfce4/backdrops/xubuntu-wallpaper.png"/>
        </property>
        <property name="workspace6" type="empty">
          <property name="color-style" type="int" value="0"/>
          <property name="image-style" type="int" value="5"/>
          <property name="last-image" type="string" value="/usr/share/xfce4/backdrops/xubuntu-wallpaper.png"/>
        </property>
        <property name="workspace7" type="empty">
          <property name="color-style" type="int" value="0"/>
          <property name="image-style" type="int" value="5"/>
          <property name="last-image" type="string" value="/usr/share/xfce4/backdrops/xubuntu-wallpaper.png"/>
        </property>
        <property name="workspace8" type="empty">
          <property name="color-style" type="int" value="0"/>
          <property name="image-style" type="int" value="5"/>
          <property name="last-image" type="string" value="/usr/share/xfce4/backdrops/xubuntu-wallpaper.png"/>
        </property>
        <property name="workspace9" type="empty">
          <property name="color-style" type="int" value="0"/>
          <property name="image-style" type="int" value="5"/>
          <property name="last-image" type="string" value="/usr/share/xfce4/backdrops/xubuntu-wallpaper.png"/>
        </property>
        <property name="workspace10" type="empty">
          <property name="color-style" type="int" value="0"/>
          <property name="image-style" type="int" value="5"/>
          <property name="last-image" type="string" value="/usr/share/xfce4/backdrops/xubuntu-wallpaper.png"/>
        </property>
      </property>
      <property name="monitorHDMI1" type="empty">
        <property name="workspace0" type="empty">
          <property name="color-style" type="int" value="0"/>
          <property name="image-style" type="int" value="5"/>
          <property name="last-image" type="string" value="/home/manu/Dropbox/Otros/linux/rice/sky.jpg"/>
        </property>
        <property name="workspace1" type="empty">
          <property name="color-style" type="int" value="0"/>
          <property name="image-style" type="int" value="5"/>
          <property name="last-image" type="string" value="/usr/share/xfce4/backdrops/xubuntu-wallpaper.png"/>
        </property>
        <property name="workspace2" type="empty">
          <property name="color-style" type="int" value="0"/>
          <property name="image-style" type="int" value="5"/>
          <property name="last-image" type="string" value="/usr/share/xfce4/backdrops/xubuntu-wallpaper.png"/>
        </property>
        <property name="workspace3" type="empty">
          <property name="color-style" type="int" value="0"/>
          <property name="image-style" type="int" value="5"/>
          <property name="last-image" type="string" value="/usr/share/xfce4/backdrops/xubuntu-wallpaper.png"/>
        </property>
      </property>
    </property>
  </property>
  <property name="last" type="empty">
    <property name="window-width" type="int" value="802"/>
    <property name="window-height" type="int" value="545"/>
  </property>
</channel>
