<?xml version="1.0" encoding="UTF-8"?>

<channel name="xfce4-panel" version="1.0">
  <property name="panels" type="array">
    <value type="int" value="0"/>
    <property name="panel-0" type="empty">
      <property name="position" type="string" value="p=8;x=683;y=746"/>
      <property name="length" type="uint" value="100"/>
      <property name="position-locked" type="bool" value="true"/>
      <property name="plugin-ids" type="array">
        <value type="int" value="1"/>
        <value type="int" value="20"/>
        <value type="int" value="13"/>
        <value type="int" value="16"/>
        <value type="int" value="3"/>
        <value type="int" value="4"/>
        <value type="int" value="6"/>
        <value type="int" value="5"/>
        <value type="int" value="23"/>
        <value type="int" value="2"/>
      </property>
      <property name="background-style" type="uint" value="1"/>
      <property name="background-alpha" type="uint" value="72"/>
      <property name="size" type="uint" value="42"/>
      <property name="length-adjust" type="bool" value="true"/>
      <property name="span-monitors" type="bool" value="false"/>
      <property name="enter-opacity" type="uint" value="100"/>
      <property name="leave-opacity" type="uint" value="90"/>
      <property name="mode" type="uint" value="2"/>
      <property name="autohide-behavior" type="uint" value="0"/>
      <property name="background-color" type="array">
        <value type="uint" value="16912"/>
        <value type="uint" value="16912"/>
        <value type="uint" value="16912"/>
        <value type="uint" value="65535"/>
      </property>
      <property name="disable-struts" type="bool" value="false"/>
      <property name="nrows" type="uint" value="1"/>
      <property name="background-image" type="string" value="/home/manu/.config/XfceThemeManager/wallpapers"/>
    </property>
    <property name="panel-2" type="empty">
      <property name="autohide-behavior" type="uint" value="0"/>
      <property name="background-alpha" type="int" value="100"/>
      <property name="background-style" type="int" value="0"/>
      <property name="disable-struts" type="bool" value="false"/>
      <property name="enter-opacity" type="uint" value="100"/>
      <property name="leave-opacity" type="uint" value="100"/>
      <property name="length" type="uint" value="100"/>
      <property name="length-adjust" type="bool" value="true"/>
      <property name="mode" type="uint" value="0"/>
      <property name="nrows" type="uint" value="1"/>
      <property name="plugin-ids" type="array">
        <value type="int" value="10"/>
        <value type="int" value="11"/>
        <value type="int" value="12"/>
        <value type="int" value="13"/>
      </property>
      <property name="position" type="string" value="p=8;x=55;y=743"/>
      <property name="position-locked" type="bool" value="true"/>
      <property name="size" type="int" value="48"/>
      <property name="background-image" type="string" value=""/>
      <property name="background-color" type="array">
        <value type="uint" value="56540"/>
        <value type="uint" value="56026"/>
        <value type="uint" value="54741"/>
        <value type="uint" value="65535"/>
      </property>
    </property>
    <property name="panel-1" type="empty">
      <property name="autohide-behavior" type="uint" value="2"/>
      <property name="background-alpha" type="uint" value="15"/>
      <property name="background-color" type="array">
        <value type="uint" value="56540"/>
        <value type="uint" value="56026"/>
        <value type="uint" value="54741"/>
        <value type="uint" value="65535"/>
      </property>
      <property name="background-image" type="string" value=""/>
      <property name="background-style" type="uint" value="0"/>
      <property name="disable-struts" type="bool" value="false"/>
      <property name="enter-opacity" type="uint" value="100"/>
      <property name="leave-opacity" type="uint" value="100"/>
      <property name="length" type="uint" value="100"/>
      <property name="length-adjust" type="bool" value="true"/>
      <property name="mode" type="uint" value="0"/>
      <property name="nrows" type="uint" value="1"/>
      <property name="plugin-ids" type="array">
        <value type="int" value="12"/>
        <value type="int" value="13"/>
        <value type="int" value="14"/>
        <value type="int" value="15"/>
        <value type="int" value="16"/>
        <value type="int" value="17"/>
        <value type="int" value="18"/>
        <value type="int" value="19"/>
        <value type="int" value="20"/>
        <value type="int" value="21"/>
        <value type="int" value="22"/>
        <value type="int" value="23"/>
        <value type="int" value="24"/>
        <value type="int" value="25"/>
        <value type="int" value="26"/>
        <value type="int" value="27"/>
      </property>
      <property name="position" type="string" value="p=8;x=960;y=1176"/>
      <property name="position-locked" type="bool" value="true"/>
      <property name="size" type="uint" value="46"/>
    </property>
  </property>
  <property name="plugins" type="empty">
    <property name="plugin-1" type="string" value="whiskermenu">
      <property name="button-icon" type="string" value="xfce4-panel-menu"/>
      <property name="button-title" type="string" value="Applications"/>
      <property name="custom-menu" type="bool" value="false"/>
      <property name="show-button-title" type="bool" value="true"/>
      <property name="show-generic-names" type="bool" value="false"/>
      <property name="show-menu-icons" type="bool" value="true"/>
      <property name="show-tooltips" type="bool" value="false"/>
    </property>
    <property name="plugin-4" type="string" value="systray">
      <property name="show-frame" type="bool" value="false"/>
      <property name="size-max" type="uint" value="26"/>
      <property name="names-visible" type="array">
        <value type="string" value="thunar"/>
        <value type="string" value="vlc"/>
        <value type="string" value="birdie"/>
        <value type="string" value="red"/>
        <value type="string" value="xchat"/>
        <value type="string" value="terminal de xfce"/>
        <value type="string" value="google-chrome-stable"/>
        <value type="string" value="gestor de tareas"/>
        <value type="string" value="boincmgr"/>
        <value type="string" value="fluxgui"/>
        <value type="string" value="notificador de actualizaciones"/>
        <value type="string" value="hexchat"/>
        <value type="string" value="keybase"/>
        <value type="string" value="blueman-applet"/>
        <value type="string" value="clipman"/>
        <value type="string" value="notas"/>
        <value type="string" value="xfce4-power-manager"/>
        <value type="string" value="miniaplicación gestor de la red"/>
        <value type="string" value="spotifywebplayer"/>
        <value type="string" value="desplegar terminal"/>
        <value type="string" value="telegram"/>
      </property>
      <property name="items" type="array">
        <value type="string" value="14418443291.desktop"/>
      </property>
      <property name="miniature-view" type="bool" value="true"/>
      <property name="rows" type="uint" value="1"/>
    </property>
    <property name="plugin-5" type="string" value="power-manager-plugin">
      <property name="items" type="array">
        <value type="string" value="14418443522.desktop"/>
      </property>
      <property name="align-left" type="bool" value="false"/>
      <property name="mode-whitelist" type="bool" value="false"/>
      <property name="single-row" type="bool" value="false"/>
      <property name="known-indicators" type="array">
        <value type="string" value="libapplication.so"/>
        <value type="string" value="com.canonical.indicator.messages"/>
        <value type="string" value="com.canonical.indicator.sound"/>
      </property>
      <property name="digital-format" type="string" value="%I:%M %p"/>
      <property name="mode" type="uint" value="2"/>
      <property name="show-frame" type="bool" value="true"/>
      <property name="tooltip-format" type="string" value="%A %d %B %Y"/>
    </property>
    <property name="plugin-6" type="string" value="indicator">
      <property name="blacklist" type="array">
      </property>
      <property name="known-indicators" type="array">
        <value type="string" value="libapplication.so"/>
        <value type="string" value="com.canonical.indicator.messages"/>
        <value type="string" value="com.canonical.indicator.sound"/>
      </property>
      <property name="whitelist" type="array">
      </property>
      <property name="align-left" type="bool" value="false"/>
      <property name="items" type="array">
        <value type="string" value="14418443623.desktop"/>
      </property>
      <property name="mode-whitelist" type="bool" value="false"/>
      <property name="single-row" type="bool" value="true"/>
      <property name="style" type="uint" value="0"/>
      <property name="expand" type="bool" value="false"/>
      <property name="show-frame" type="bool" value="true"/>
      <property name="size-max" type="uint" value="22"/>
      <property name="names-visible" type="array">
        <value type="string" value="telegram"/>
        <value type="string" value="blueman-applet"/>
        <value type="string" value="notas"/>
        <value type="string" value="clipman"/>
        <value type="string" value="miniaplicación gestor de la red"/>
      </property>
    </property>
    <property name="plugin-13" type="string" value="pager">
      <property name="rows" type="uint" value="2"/>
      <property name="miniature-view" type="bool" value="false"/>
      <property name="workspace-scrolling" type="bool" value="false"/>
      <property name="expand" type="bool" value="true"/>
      <property name="flat-buttons" type="bool" value="false"/>
      <property name="grouping" type="uint" value="0"/>
      <property name="include-all-monitors" type="bool" value="true"/>
      <property name="include-all-workspaces" type="bool" value="false"/>
      <property name="items" type="array">
        <value type="string" value="14418417144.desktop"/>
      </property>
      <property name="show-handle" type="bool" value="true"/>
      <property name="show-labels" type="bool" value="true"/>
      <property name="show-only-minimized" type="bool" value="false"/>
      <property name="show-wireframes" type="bool" value="false"/>
      <property name="sort-order" type="uint" value="1"/>
      <property name="style" type="uint" value="0"/>
      <property name="switch-workspace-on-unminimize" type="bool" value="true"/>
      <property name="window-scrolling" type="bool" value="true"/>
    </property>
    <property name="notes" type="empty">
      <property name="global" type="empty">
        <property name="skip-taskbar-hint" type="bool" value="true"/>
        <property name="tabs-position" type="int" value="3"/>
      </property>
    </property>
    <property name="plugin-25" type="string" value="directorymenu">
      <property name="base-directory" type="string" value="/home/manu"/>
    </property>
    <property name="plugin-26" type="string" value="thunar-tpa"/>
    <property name="plugin-27" type="string" value="separator">
      <property name="expand" type="bool" value="true"/>
      <property name="style" type="uint" value="0"/>
    </property>
    <property name="plugin-3" type="string" value="separator">
      <property name="expand" type="bool" value="true"/>
      <property name="style" type="uint" value="0"/>
    </property>
    <property name="plugin-23" type="string" value="clock">
      <property name="mode" type="uint" value="2"/>
      <property name="flash-separators" type="bool" value="false"/>
      <property name="items" type="array">
        <value type="string" value="14294989539.desktop"/>
      </property>
      <property name="show-handle" type="bool" value="false"/>
    </property>
    <property name="plugin-16" type="string" value="dockbarx">
      <property name="items" type="array">
        <value type="string" value="14294989532.desktop"/>
      </property>
      <property name="button-title" type="string" value="Start"/>
    </property>
    <property name="plugin-20" type="string" value="separator">
      <property name="style" type="uint" value="0"/>
      <property name="expand" type="bool" value="false"/>
      <property name="items" type="array">
        <value type="string" value="14294989536.desktop"/>
      </property>
    </property>
    <property name="plugin-2" type="string" value="separator">
      <property name="style" type="uint" value="0"/>
      <property name="flat-buttons" type="bool" value="true"/>
      <property name="grouping" type="uint" value="0"/>
      <property name="include-all-monitors" type="bool" value="true"/>
      <property name="include-all-workspaces" type="bool" value="false"/>
      <property name="middle-click" type="uint" value="0"/>
      <property name="show-button-type" type="int" value="1"/>
      <property name="show-handle" type="bool" value="true"/>
      <property name="show-labels" type="bool" value="true"/>
      <property name="show-only-minimized" type="bool" value="false"/>
      <property name="show-wireframes" type="bool" value="false"/>
      <property name="sort-order" type="uint" value="1"/>
      <property name="switch-workspace-on-unminimize" type="bool" value="true"/>
      <property name="window-scrolling" type="bool" value="true"/>
    </property>
    <property name="plugin-10" type="string" value="separator">
      <property name="expand" type="bool" value="false"/>
      <property name="items" type="array">
        <value type="string" value="14418417141.desktop"/>
      </property>
      <property name="style" type="uint" value="0"/>
    </property>
    <property name="plugin-11" type="string" value="actions">
      <property name="ask-confirmation" type="bool" value="true"/>
      <property name="base-directory" type="string" value="/home/manu"/>
      <property name="digital-format" type="string" value="%a %b %d, %I:%M %p"/>
      <property name="flat-buttons" type="bool" value="false"/>
      <property name="grouping" type="uint" value="0"/>
      <property name="include-all-monitors" type="bool" value="true"/>
      <property name="include-all-workspaces" type="bool" value="false"/>
      <property name="items" type="array">
      </property>
      <property name="mode" type="uint" value="2"/>
      <property name="show-frame" type="bool" value="true"/>
      <property name="show-handle" type="bool" value="true"/>
      <property name="show-labels" type="bool" value="true"/>
      <property name="show-only-minimized" type="bool" value="false"/>
      <property name="show-wireframes" type="bool" value="false"/>
      <property name="sort-order" type="uint" value="1"/>
      <property name="switch-workspace-on-unminimize" type="bool" value="true"/>
      <property name="tooltip-format" type="string" value="%A %d %B %Y"/>
      <property name="window-scrolling" type="bool" value="true"/>
    </property>
    <property name="plugin-18" type="string" value="launcher">
      <property name="items" type="array">
        <value type="string" value="14294989534.desktop"/>
      </property>
    </property>
    <property name="plugin-22" type="string" value="launcher">
      <property name="items" type="array">
        <value type="string" value="14294989538.desktop"/>
      </property>
    </property>
    <property name="plugin-24" type="string" value="separator">
      <property name="style" type="uint" value="1"/>
      <property name="expand" type="bool" value="false"/>
    </property>
    <property name="plugin-7" type="string" value="separator">
      <property name="style" type="uint" value="0"/>
      <property name="appearance" type="uint" value="1"/>
      <property name="ask-confirmation" type="bool" value="true"/>
      <property name="digital-format" type="string" value="%a, %d %b %H:%M"/>
      <property name="expand" type="bool" value="false"/>
    </property>
    <property name="plugin-12" type="string" value="separator">
      <property name="expand" type="bool" value="true"/>
      <property name="items" type="array">
      </property>
      <property name="style" type="uint" value="0"/>
    </property>
    <property name="plugin-14" type="string" value="separator">
      <property name="expand" type="bool" value="false"/>
      <property name="items" type="array">
        <value type="string" value="14417693474.desktop"/>
      </property>
      <property name="show-handle" type="bool" value="false"/>
      <property name="style" type="uint" value="1"/>
    </property>
    <property name="plugin-15" type="string" value="launcher">
      <property name="base-directory" type="string" value="/home/manu"/>
      <property name="expand" type="bool" value="true"/>
      <property name="items" type="array">
        <value type="string" value="14294989531.desktop"/>
      </property>
      <property name="miniature-view" type="bool" value="true"/>
      <property name="rows" type="uint" value="1"/>
      <property name="style" type="uint" value="0"/>
      <property name="workspace-scrolling" type="bool" value="true"/>
    </property>
    <property name="plugin-17" type="string" value="launcher">
      <property name="expand" type="bool" value="true"/>
      <property name="items" type="array">
        <value type="string" value="14294989533.desktop"/>
      </property>
      <property name="show-button-type" type="int" value="1"/>
      <property name="style" type="uint" value="0"/>
    </property>
    <property name="plugin-19" type="string" value="launcher">
      <property name="items" type="array">
        <value type="string" value="14294989535.desktop"/>
      </property>
      <property name="style" type="uint" value="0"/>
    </property>
    <property name="plugin-21" type="string" value="launcher">
      <property name="items" type="array">
        <value type="string" value="14294989537.desktop"/>
      </property>
      <property name="style" type="uint" value="0"/>
    </property>
    <property name="plugin-8" type="string" value="clock">
      <property name="digital-format" type="string" value="%d %b, %H:%M"/>
      <property name="expand" type="bool" value="false"/>
      <property name="items" type="array">
        <value type="string" value="14504322331.desktop"/>
      </property>
      <property name="mode" type="uint" value="2"/>
      <property name="names-visible" type="array">
        <value type="string" value="fluxgui"/>
        <value type="string" value="clipman"/>
        <value type="string" value="notas"/>
        <value type="string" value="red"/>
      </property>
      <property name="show-frame" type="bool" value="true"/>
      <property name="size-max" type="uint" value="22"/>
      <property name="style" type="uint" value="0"/>
      <property name="tooltip-format" type="string" value="%A %d %B %Y"/>
    </property>
    <property name="plugin-9" type="string" value="pager">
      <property name="digital-format" type="string" value="%a %b %d, %I:%M %p"/>
      <property name="expand" type="bool" value="false"/>
      <property name="items" type="array">
        <value type="string" value="14418417141.desktop"/>
      </property>
      <property name="miniature-view" type="bool" value="true"/>
      <property name="mode" type="uint" value="2"/>
      <property name="rows" type="uint" value="1"/>
      <property name="show-frame" type="bool" value="true"/>
      <property name="show-names" type="bool" value="false"/>
      <property name="style" type="uint" value="1"/>
      <property name="tooltip-format" type="string" value="%A %d %B %Y"/>
      <property name="workspace-scrolling" type="bool" value="false"/>
    </property>
  </property>
  <property name="configver" type="int" value="2"/>
</channel>
