<?xml version="1.0" encoding="UTF-8"?>

<channel name="parole" version="1.0">
  <property name="video" type="empty">
    <property name="videosink" type="empty"/>
  </property>
  <property name="parole" type="empty">
    <property name="plugins" type="empty"/>
  </property>
  <property name="subtitles" type="empty">
    <property name="font" type="string" value="Sans Bold 20"/>
  </property>
  <property name="folders" type="empty">
    <property name="last-used-media" type="string" value="/media/manu/d75a7bac-f773-4ce1-ac25-acfbd6233c41/Musica/Los Chikos del Maíz - La Estanquera de Saigon [2014]"/>
  </property>
  <property name="window" type="empty">
    <property name="maximized" type="bool" value="true"/>
    <property name="width" type="int" value="1366"/>
    <property name="height" type="int" value="701"/>
  </property>
  <property name="audio" type="empty">
    <property name="volume" type="int" value="100"/>
  </property>
  <property name="playlist" type="empty">
    <property name="show-playlist" type="bool" value="false"/>
  </property>
</channel>
